Ticker,EDID,Name,Sector
ABIO,7814,ะััะณะตะฝ ะฑะธะพัะตั (ะะกะะง),๐ ะคะฐัะผะฐ
ABRD,26517,ะะฑัะฐั-ะัััะพ,๐ฝ ะะณัะพ
ACKO,36458,ะะกะะ,๐ต ะคะธะฝะฐะฝัั
AFKS,4772,ะะคะ ะกะธััะตะผะฐ,๐ต ะคะธะฝะฐะฝัั
AFLT,1480,ะััะพัะปะพั,โ๏ธ ะะฒะธะฐ
AKRN,357,ะะบัะพะฝ,๐ฑ ะฃะดะพะฑัะตะฝะธั
ALRS,199,ะะะะะกะ,๐ ะะฐะนะฝะธะฝะณ
ANGE,20514,ะะฝะถะตัะพะผะฐั,๐ญ ะัะพะผััะปะตะฝะฝะพััั
APRI,37277,ะะะะ,๐๏ธ ะะตะฒะตะปะพะฟะผะตะฝั
APTK,1216,ะะฟัะตะบะธ 36 ะธ 6,๐๏ธ ะะตัะตะนะป
AQUA,17531,ะะฝะฐัะบัะธะบะฐ,๐ฝ ะะณัะพ
ARPO,8296,ะะผัะบะธะน ะััะพะฟะพัั,๐ฌ ะััะพะฟะพััั
ARPOP,8296,ะะผัะบะธะน ะััะพะฟะพัั,๐ฌ ะััะพะฟะพััั
ARSA,7220,ะััะฐะณะตัะฐ,๐ต ะคะธะฝะฐะฝัั
ASSB,5966,ะัััะฐัะฐะฝััะฝะตัะณะพัะฑัั,๐ ะกะฑััั
ASTR,38906,ะัััะฐ,๐งโ๐ป IT
AVAN,1070,ะะฒะฐะฝะณะฐัะด,๐ฆ ะะฐะฝะบะธ
BANE,1976,ะะฐัะฝะตััั,๐ข๏ธ ะะตััะตะณะฐะท
BANEP,1976,ะะฐัะฝะตััั,๐ข๏ธ ะะตััะตะณะฐะท
BELU,7380,ะะพะฒะฐะะตะฒ,๐๏ธ ะะตัะตะนะป
BESK,32184,ะะญะกะ,
BESKP,32184,ะะญะกะ,
BGES,1573,ะะพะณััะฐะฝัะบะฐั ะะญะก,
BGESP,1573,ะะพะณััะฐะฝัะบะฐั ะะญะก,
BISV,201,ะะฐัะธะฝัะพัะผัะฒัะทั,๐ฑ ะขะตะปะตะบะพะผ
BISVP,201,ะะฐัะธะฝัะพัะผัะฒัะทั,๐ฑ ะขะตะปะตะบะพะผ
BLGH,14110,ะะตะปะณะพัะพะดัะบะธะน ัะปะฐะดะพะบะพะผะฑะธะฝะฐั,
BLNG,332,ะะตะปะพะฝ,๐ชจ ะะตัะฐะปะปััะณะธั
BMSM,2289,ะะฐะผัััะพะนะผะตัะฐะฝะธะทะฐัะธั,๐ง ะะฝััะฐััััะบัััะฐ
BMSMP,2289,ะะฐะผัััะพะนะผะตัะฐะฝะธะทะฐัะธั,๐ง ะะฝััะฐััััะบัััะฐ
BNGF,1245,ะะฐัะฝะตััะตะณะตะพัะธะทะธะบะฐ,๐ข๏ธ ะะตััะตัะตัะฒะธั
BOGN,2665,"ะะพะณะดะฐะฝะพะฒะธััะบะพะต ""ะะณะฝะตัะฟะพัั""",๐ญ ะัะพะผััะปะตะฝะฝะพััั
BRAD,3728,ะะะฃ (ะะพะณะพัะปะพะฒัะบะพะต ััะดะพัะฟัะฐะฒะปะตะฝะธะต),
BRSZ,9629,ะะกะ,
BRZL,1499,ะััััะทะพะปะพัะพ,๐ ะะฐะนะฝะธะฝะณ
BSPB,3935,ะะฐะฝะบ ะกะฐะฝะบั-ะะตัะตัะฑััะณ,๐ฆ ะะฐะฝะบะธ
BSPBP,3935,ะะฐะฝะบ ะกะฐะฝะบั-ะะตัะตัะฑััะณ,๐ฆ ะะฐะฝะบะธ
BTST,19653,ะะฐะผัะพะฝะฝะตะปััััะพะน,๐ง ะะฝััะฐััััะบัััะฐ
BTSTP,19653,ะะฐะผัะพะฝะฝะตะปััััะพะน,๐ง ะะฝััะฐััััะบัััะฐ
CARM,38808,ะะฐัะะฐะฝะธ (ะกะขะ),๐ฆ ะะฐะฝะบะธ
CBOM,202,ะะะ,๐ฆ ะะฐะฝะบะธ
CENH,14372,ะฆะตะฝัััะฝะตัะณะพัะพะปะดะธะฝะณ,
CENHP,14372,ะฆะตะฝัััะฝะตัะณะพัะพะปะดะธะฝะณ,
CHEP,2772,ะงะขะะ,๐ชจ ะะตัะฐะปะปััะณะธั
CHGZ,3867,ะะ-ะะฐะฟะฐะดะฝะฐั ะกะธะฑะธัั,
CHKZ,3306,ะงะะะ,๐ช ะะะ
CHLB,1946,ะงะตะปะธะฝะดะฑะฐะฝะบ,๐ฆ ะะฐะฝะบะธ
CHMF,30,ะกะตะฒะตัััะฐะปั,๐ชจ ะะตัะฐะปะปััะณะธั
CHMK,2116,ะงะะ,๐ชจ ะะตัะฐะปะปััะณะธั
CNRU,39286,ะฆะธะฐะฝ,๐งโ๐ป IT
CNTL,369,ะฆะตะฝััะฐะปัะฝัะน ัะตะปะตะณัะฐั,
CNTLP,369,ะฆะตะฝััะฐะปัะฝัะน ัะตะปะตะณัะฐั,
DATA,39154,ะัะตะฝะฐะดะฐัะฐ,๐งโ๐ป IT
DELI,38653,ะะตะปะธะผะพะฑะธะปั (ะะฐััะตัะธะฝะณ ะัััะธั),๐ด ะจะตัะธะฝะณ
DGBZ,321,ะะพัะพะณะพะฑัะถ,๐งช ะฅะธะผะธั
DGIT,38343,ะะะ (ะะพัะพะณะธ ะธ ะะพััั),๐ง ะะฝััะฐััััะบัััะฐ
DGTL,39294,ะฆะธััะพะฒัะต ะฟัะธะฒััะบะธ,๐งโ๐ป IT
DIAS,38975,ะะธะฐัะพัั,๐งโ๐ป IT
DIOD,10180,ะะะะ,๐ ะคะฐัะผะฐ
DNPP,16721,ะะะะ,๐ญ ะัะพะผััะปะตะฝะฝะพััั
DSKY,6788,ะะตััะบะธะน ะะธั,๐๏ธ ะะตัะตะนะป
DVEC,11385,ะะญะ,
DZRD,5496,ะะะะ - ะะพะฝัะบะพะน ะทะฐะฒะพะด ัะฐะดะธะพะดะตัะฐะปะตะน,๐ฅ๏ธ ะขะตัะฝะพะปะพะณะธะธ
DZRDP,5496,ะะะะ - ะะพะฝัะบะพะน ะทะฐะฒะพะด ัะฐะดะธะพะดะตัะฐะปะตะน,๐ฅ๏ธ ะขะตัะฝะพะปะพะณะธะธ
EELT,36330,ะะฒัะพะฟะตะนัะบะฐั ะญะปะตะบััะพัะตัะฝะธะบะฐ,๐ญ ะัะพะผััะปะตะฝะฝะพััั
ELFV,5732,ะญะป5 ะญะฝะตัะณะพ (ะญะฝะตะป),๐ ะะตะฝะตัะฐัะธั
ELMT,38265,ะญะปะตะผะตะฝั,๐ฅ๏ธ ะขะตัะฝะพะปะพะณะธะธ
ENPG,37955,En+,๐ ะะตะฝะตัะฐัะธั
ETLN,38096,ะญัะฐะปะพะฝ,๐๏ธ ะะตะฒะตะปะพะฟะผะตะฝั
EUTR,38758,ะะะะะขะะะะก,โฝ๏ธ ะะะก
FEES,379,ะะพััะตัะธ,๐ก ะกะตัะธ
FESH,83,ะะะะ,๐ ะขัะฐะฝัะฟะพัั
FIXP,39347,Fix Price,๐๏ธ ะะตัะตะนะป
FIXR,39347,ะคะธะบั ะัะฐะนั,๐๏ธ ะะตัะตะนะป
FLOT,11967,ะกะพะฒะบะพะผัะปะพั,๐ ะขัะฐะฝัะฟะพัั
GAZA,859,ะะะ,๐ ะะฒัะพะฟัะพะผ
GAZAP,859,ะะะ,๐ ะะฒัะพะฟัะพะผ
GAZC,11633,ะะฐะทะบะพะฝ,๐ต ะคะธะฝะฐะฝัั
GAZP,934,ะะฐะทะฟัะพะผ,๐ข๏ธ ะะตััะตะณะฐะท
GAZS,12078,ะะะ-ัะตัะฒะธั,๐ต ะคะธะฝะฐะฝัั
GAZT,29479,ะะฐะท-ะขะตะบ,
GCHE,6652,ะงะตัะบะธะทะพะฒะพ,๐ฝ ะะณัะพ
GECO,38201,ะะตะฝะตัะธะบะพ,๐ ะคะฐัะผะฐ
GEMA,37646,ะะะฆะ,
GEMC,39022,ะะะก | ะฎะะ,๐ฅ ะะตะดะธัะธะฝะฐ
GMKN,564,ะะะ ะะพัะฝะธะบะตะปั,๐ ะะฐะนะฝะธะฝะณ
GNYAP,18139,ะะฐะทะฟัะพะผะฝะตััั-ะฏัะพัะปะฐะฒะปั,๐ ะัะตะฝะดะฐ
GPVNP,14553,ะะธะฟัะพะฒะพััะพะบะฝะตััั,๐ข๏ธ ะะตััะตัะตัะฒะธั
GRNT,32725,ะะะข,
GSRB,2093,ะะะ ะฃัะฐ,๐จ ะะฑะปะณะฐะท
GTRK,37114,Globaltruck (ะะขะ),
GZAV,5063,ะะฐะทะฟัะพะผ ะะฒัะพะผะฐัะธะทะฐัะธั,๐ง ะะฝััะฐััััะบัััะฐ
GZAVP,5063,ะะฐะทะฟัะพะผ ะะฒัะพะผะฐัะธะทะฐัะธั,๐ง ะะฝััะฐััััะบัััะฐ
HEAD,39017,HeadHunter,๐งโ๐ป IT
HIMC,5727,ะฅะธะผะฟัะพะผ,๐งช ะฅะธะผะธั
HIMCP,5727,ะฅะธะผะฟัะพะผ,๐งช ะฅะธะผะธั
HNFG,38967,Henderson,๐๏ธ ะะตัะตะนะป
HYDR,8580,ะััะณะธะดัะพ,๐ ะะตะฝะตัะฐัะธั
IESK,18143,ะะญะกะ,๐ก ะกะตัะธ
IGST,4089,ะะถััะฐะปั,๐ชจ ะะตัะฐะปะปััะณะธั
IGSTP,4089,ะะถััะฐะปั,๐ชจ ะะตัะฐะปะปััะณะธั
INGR,1664,ะะฝะณัะฐะด,๐๏ธ ะะตะฒะตะปะพะฟะผะตะฝั
IRAO,12213,ะะฝัะตัะะะ,๐ ะะตะฝะตัะฐัะธั
IRGZ,3899,ะัะบัััะบัะฝะตัะณะพ,๐ ะะตะฝะตัะฐัะธั
IRKT,76,ะฏะบะพะฒะปะตะฒ (ะัะบัั),๐ญ ะัะพะผััะปะตะฝะฝะพััั
IVAT,39102,IVA Technologies,๐งโ๐ป IT
IVOG,19771,ะะะ ะะฒะฐะฝะพะฒะพ,๐จ ะะฑะปะณะฐะท
IVOGP,19771,ะะะ ะะฒะฐะฝะพะฒะพ,๐จ ะะฑะปะณะฐะท
JETL,39262,JetLend,
JNOS,947,ะกะปะฐะฒะฝะตััั-ะฏะะะก,
JNOSP,947,ะกะปะฐะฒะฝะตััั-ะฏะะะก,
KAZT,703,ะัะนะฑััะตะฒะะทะพั,๐ฑ ะฃะดะพะฑัะตะฝะธั
KAZTP,703,ะัะนะฑััะตะฒะะทะพั,๐ฑ ะฃะดะพะฑัะตะฝะธั
KBSB,10624,ะขะะก ัะฝะตัะณะพ ะัะฑะฐะฝั,๐ ะกะฑััั
KBTK,5964,ะัะทะฑะฐััะบะฐั ะขะพะฟะปะธะฒะฝะฐั ะะพะผะฟะฐะฝะธั,
KCHE,1409,ะะฐะผัะฐััะบัะฝะตัะณะพ,๐ ะะตะฝะตัะฐัะธั
KCHEP,1409,ะะฐะผัะฐััะบัะฝะตัะณะพ,๐ ะะตะฝะตัะฐัะธั
KESK,11559,ะะพะผะธะญะกะ,
KESKP,11559,ะะพะผะธะญะกะ,๐ ะกะฑััั
KGKC,17935,ะััะณะฐะฝัะบะฐั ะะ,๐ ะะตะฝะตัะฐัะธั
KGKCP,17935,ะััะณะฐะฝัะบะฐั ะะ,๐ ะะตะฝะตัะฐัะธั
KLOG,748,ะะะ ะะฐะปัะณะฐ,๐จ ะะฑะปะณะฐะท
KLSB,5830,ะะฐะปัะถัะบะฐั ัะฑััะพะฒะฐั ะบะพะผะฟะฐะฝะธั,
KLVZ,38773,ะะะะ ะัะธััะฐะปะป,๐ฝ ะะณัะพ
KMAZ,33,ะะะะะ,๐ ะะฒัะพะฟัะพะผ
KMEZ,7544,ะะะ (ะะพะฒัะพะฒัะบะธะน ะะตัะฐะฝะธัะตัะบะธะน ะะฐะฒะพะด),๐ญ ะัะพะผััะปะตะฝะฝะพััั
KMTX,2808,ะะพะผะธัะตะบั,
KOGK,3552,ะะพัััะฝะพะฒัะบะธะน ะะะ,
KRKN,3707,ะกะฐัะฐัะพะฒัะบะธะน ะะะ,๐ข๏ธ ะะตััะตะณะฐะท
KRKNP,3707,ะกะฐัะฐัะพะฒัะบะธะน ะะะ,๐ข๏ธ ะะตััะตะณะฐะท
KRKO,222,ะัะฐัะฝัะน ะบะพัะตะปััะธะบ,
KRKOP,222,ะัะฐัะฝัะน ะบะพัะตะปััะธะบ,
KRNFP,8012,ะะะ (ะัะฐัะฝะพัััะบะฝะตััะตะฟัะพะดัะบั),
KROT,468,ะะะค ะัะฐัะฝัะน ะะบััะฑัั,๐ฝ ะะณัะพ
KROTP,468,ะะะค ะัะฐัะฝัะน ะะบััะฑัั,๐ฝ ะะณัะพ
KRSB,8880,ะัะฐัะฝะพัััะบัะฝะตัะณะพัะฑัั,๐ ะกะฑััั
KRSBP,8880,ะัะฐัะฝะพัััะบัะฝะตัะณะพัะฑัั,๐ ะกะฑััั
KSIN,20290,ะััะณะฐะฝัะบะธะน ะกะธะฝัะตะท,๐ ะคะฐัะผะฐ
KSINP,20290,ะััะณะฐะฝัะบะธะน ะกะธะฝัะตะท,๐ ะคะฐัะผะฐ
KTSB,5963,ะะพัััะพะผัะบะฐั ัะฑััะพะฒะฐั ะบะพะผะฟะฐะฝะธั,๐ ะกะฑััั
KTSBP,5963,ะะพัััะพะผัะบะฐั ัะฑััะพะฒะฐั ะบะพะผะฟะฐะฝะธั,๐ ะกะฑััั
KUBE,2827,ะะพััะตัะธ ะัะฑะฐะฝั,๐ก ะกะตัะธ
KUNP,9882,ะะพัะฝะตััั-ะัะฑะฐะฝัะฝะตััะตะฟัะพะฒะพะด,
KUNPP,9882,ะะพัะฝะตััั-ะัะฑะฐะฝัะฝะตััะตะฟัะพะฒะพะด,
KUOG,10689,ะััะณะฐะฝะพะฑะปะณะฐะท,๐จ ะะฑะปะณะฐะท
KUZB,30898,ะัะทะฝะตัะบะธะน ะฑะฐะฝะบ,๐ฆ ะะฐะฝะบะธ
KZIZ,7544,ะัะฐัะฝะพะณะพััะบะะตัะะ,
KZIZP,7544,ะัะฐัะฝะพะณะพััะบะะตัะะ,
KZKMP,3173,ะะฐะทะฐะฝัะบะพะผะฟัะตััะพัะผะฐั,
KZOS,938,ะะฐะทะฐะฝัะพัะณัะธะฝัะตะท,๐งช ะฅะธะผะธั
KZOSP,938,ะะฐะทะฐะฝัะพัะณัะธะฝัะตะท,๐งช ะฅะธะผะธั
KZRU,10488,ะัะทะฑะฐัััะฐะทัะตะทัะณะพะปั ะฃะ,๐ชจ ะะตัะฐะปะปััะณะธั
KZSB,8813,ะัะทะฑะฐัััะฝะตัะณะพัะฑัั,๐ ะกะฑััั
LDNH,10615,ะกะปะฐะดะพะฝะตะถ,๐ฝ ะะณัะพ
LEAS,37082,ะะฒัะพะฟะปะฐะฝ,๐ต ะคะธะฝะฐะฝัั
LENT,38380,ะะตะฝัะฐ,๐๏ธ ะะตัะตะนะป
LEOG,21133,ะะะ ะะตะฝะพะฑะปะฐััั,๐จ ะะฑะปะณะฐะท
LIFE,4378,ะคะฐัะผัะธะฝัะตะท,
LKOH,17,ะัะบะพะนะป,๐ข๏ธ ะะตััะตะณะฐะท
LMBZ,36391,ะะฐะผะฑัะผะธะท,
LNZL,1991,ะะตะฝะทะพะปะพัะพ,
LNZLP,1991,ะะตะฝะทะพะปะพัะพ,
LPOG,415,ะะะ ะะธะฟะตัะบ,๐จ ะะฑะปะณะฐะท
LPSB,5082,ะะญะกะ (ะะธะฟะตัะบัะฝะตัะณะพัะฑัั),๐ ะกะฑััั
LSNG,65,ะะพััะตัะธ ะะตะฝัะฝะตัะณะพ,๐ก ะกะตัะธ
LSNGP,65,ะะพััะตัะธ ะะตะฝัะฝะตัะณะพ,๐ก ะกะตัะธ
LSRG,4834,ะะกะ,๐๏ธ ะะตะฒะตะปะพะฟะผะตะฝั
LVHK,31319,ะปะตะฒะตะฝะณัะบ,๐๏ธ ะะตัะตะนะป
MAGE,3566,ะะฐะณะฐะดะฐะฝัะฝะตัะณะพ,
MAGEP,3566,ะะฐะณะฐะดะฐะฝัะฝะตัะณะพ,
MAGN,9,ะะะ,๐ชจ ะะตัะฐะปะปััะณะธั
MBNK,1285,ะะขะก ะะฐะฝะบ,๐ฆ ะะฐะฝะบะธ
MDMG,39129,ะะฐัั ะธ ะะธัั,๐ฅ ะะตะดะธัะธะฝะฐ
METZ,2043,ะะฐะดะตะถะดะธะฝัะบะธะน ะผะตัะฐะปะปััะณะธัะตัะบะธะน ะทะฐะฒะพะด,
MFGS,568,ะกะปะฐะฒะฝะตััั-ะะตะณะธะพะฝะฝะตััะตะณะฐะท,
MFGSP,568,ะกะปะฐะฒะฝะตััั-ะะตะณะธะพะฝะฝะตััะตะณะฐะท,
MGKL,11244,ะะะะ (ะะพัะณะพัะปะพะผะฑะฐัะด),๐ต ะคะธะฝะฐะฝัั
MGNT,7671,ะะฐะณะฝะธั,๐๏ธ ะะตัะตะนะป
MGNZ,6100,ะกะะ,๐ ะะฐะนะฝะธะฝะณ
MGTS,1017,ะะะขะก,๐ฑ ะขะตะปะตะบะพะผ
MGTSP,1017,ะะะขะก,๐ฑ ะขะตะปะตะบะพะผ
MISB,6070,ะขะะก ัะฝะตัะณะพ ะะฐัะธะน ะญะป,๐ ะกะฑััั
MISBP,6070,ะขะะก ัะฝะตัะณะพ ะะฐัะธะน ะญะป,๐ ะกะฑััั
MOEX,43,ะะพัะบะพะฒัะบะฐั ะฑะธัะถะฐ,๐ต ะคะธะฝะฐะฝัั
MONO,33893,ะะพะฝะพะฟะพะปะธั,
MRKC,7985,ะะพััะตัะธ ะฆะตะฝัั,๐ก ะกะตัะธ
MRKK,12418,ะะพััะตัะธ ะกะตะฒะตัะฝัะน ะะฐะฒะบะฐะท,๐ก ะกะตัะธ
MRKP,12093,ะะพััะตัะธ ะฆะตะฝัั ะธ ะัะธะฒะพะปะถัะต,๐ก ะกะตัะธ
MRKS,12072,ะะพััะตัะธ ะกะธะฑะธัั,๐ก ะกะตัะธ
MRKU,12105,ะะพััะตัะธ ะฃัะฐะป,๐ก ะกะตัะธ
MRKV,12131,ะะพััะตัะธ ะะพะปะณะฐ,๐ก ะกะตัะธ
MRKY,11999,ะะพััะตัะธ ะฎะณ,๐ก ะกะตัะธ
MRKZ,12761,ะะพััะตัะธ ะกะตะฒะตัะพ-ะะฐะฟะฐะด,๐ก ะกะตัะธ
MRSB,5754,ะะพัะดะพะฒัะฝะตัะณะพัะฑัั,๐ ะกะฑััั
MSNG,936,ะะพััะฝะตัะณะพ,๐ ะะตะฝะตัะฐัะธั
MSRS,5563,ะะพััะตัะธ ะะ (ะะะญะกะ),๐ก ะกะตัะธ
MSTS,12266,ะะพััะพัััะพะน-11,๐ง ะะฝััะฐััััะบัััะฐ
MSTT,1220,ะะพััะพััะตัั,๐ง ะะฝััะฐััััะบัััะฐ
MTLR,1942,ะะตัะตะป,๐ชจ ะะตัะฐะปะปััะณะธั
MTLRP,1942,ะะตัะตะป,๐ชจ ะะตัะฐะปะปััะณะธั
MTPV,9499,ะะพัั ะะฐะฝะธะฝะพ,๐ ะขัะฐะฝัะฟะพัั
MTPVP,9499,ะะพัั ะะฐะฝะธะฝะพ,๐ ะขัะฐะฝัะฟะพัั
MTSS,236,ะะขะก,๐ฑ ะขะตะปะตะบะพะผ
MVID,11014,ะ.ะะธะดะตะพ-ะญะปัะดะพัะฐะดะพ,
NAUK,691,ะะะ ะะฐัะบะฐ,๐ญ ะัะพะผััะปะตะฝะฝะพััั
NBAMP,9773,ะะะะะ,๐ฝ ะะณัะพ
NCAD,39357,ะะฐะฝะพัะพัั,๐งโ๐ป IT
NFAZ,227,ะะตััะตะบะฐะผัะบะธะน ะฐะฒัะพะทะฐะฒะพะด (ะะตัะฐะท),
NKHP,10198,ะะะฅะ,๐ ะขัะฐะฝัะฟะพัั
NKNC,197,ะะะะฅ,๐งช ะฅะธะผะธั
NKNCP,197,ะะะะฅ,๐งช ะฅะธะผะธั
NKSH,152,ะะธะถะฝะตะบะฐะผัะบัะธะฝะฐ,๐งช ะฅะธะผะธั
NLMK,2509,ะะะะ,๐ชจ ะะตัะฐะปะปััะณะธั
NMTP,3900,ะะะขะ,๐ ะขัะฐะฝัะฟะพัั
NNSB,7022,ะขะะก ัะฝะตัะณะพ ะะธะถะฝะธะน ะะพะฒะณะพัะพะด,๐ ะกะฑััั
NNSBP,7022,ะขะะก ัะฝะตัะณะพ ะะธะถะฝะธะน ะะพะฒะณะพัะพะด,๐ ะกะฑััั
NOLE,2914,ะะพะฒะพัะพัะปะตััะบัะฟะพัั (ะะะญ),๐ ะขัะฐะฝัะฟะพัั
NOMP,4384,ะะพะฒะพัะธะฟ,
NOMPP,4384,ะะพะฒะพัะธะฟ,
NOVG,10107,ะะะ ะะตะปะธะบะธะน ะะพะฒะณะพัะพะด,๐จ ะะฑะปะณะฐะท
NPOF,11292,ะะะ ะคะธะทะธะบะฐ,๐ฅ๏ธ ะขะตัะฝะพะปะพะณะธะธ
NSVZ,20639,ะะฐัะบะฐ-ะกะฒัะทั,๐ฑ ะขะตะปะตะบะพะผ
NTZL,10696,ะะธัะตะป,๐ฅ๏ธ ะขะตัะฝะพะปะพะณะธะธ
NVTK,225,ะะะะะขะญะ,๐ข๏ธ ะะตััะตะณะฐะท
OBNE,3838,ะะฑัะฝะตััะตะณะฐะทะณะตะพะปะพะณะธั,
OBNEP,3838,ะะฑัะฝะตััะตะณะฐะทะณะตะพะปะพะณะธั,
OGKB,7234,ะะะ-2,๐ ะะตะฝะตัะฐัะธั
OKEY,38332,ะะบะตะน,๐๏ธ ะะตัะตะนะป
OMOG,3903,ะะผัะบะพะฑะปะณะฐะท,๐จ ะะฑะปะณะฐะท
OMZZ,249,ะะะ,๐ญ ะัะพะผััะปะตะฝะฝะพััั
OMZZP,249,ะะะ,๐ญ ะัะพะผััะปะตะฝะฝะพััั
OPIN,1664,ะะฝะณัะฐะด,๐๏ธ ะะตะฒะตะปะพะฟะผะตะฝั
ORGN,565,ะัะณะฐะฝะธะบะฐ,๐ ะคะฐัะผะฐ
ORUP,37530,OR Group (ะะฑัะฒั ะะพััะธะธ),๐๏ธ ะะตัะตะนะป
OZON,38334,OZON,๐ E-Com
OZPH,39126,ะะะะ ะคะฐัะผะฐัะตะฒัะธะบะฐ,๐ ะคะฐัะผะฐ
PAZA,3638,ะะฐะฒะปะพะฒัะบะธะน ะฐะฒัะพะฑัั,๐ ะะฒัะพะฟัะพะผ
PBDT,9917,ะะพะฑะตะดะธั,๐ญ ะัะพะผััะปะตะฝะฝะพััั
PHOR,573,ะคะพัะะณัะพ,๐ฑ ะฃะดะพะฑัะตะฝะธั
PIKK,44,ะะะ ะกะ,๐๏ธ ะะตะฒะตะปะพะฟะผะตะฝั
PLUS,39208,ะะปัั,๐๏ธ ะะตะฒะตะปะพะฟะผะตะฝั
PLZL,7832,ะะพะปัั,๐ ะะฐะนะฝะธะฝะณ
PMSB,7344,ะะตัะผัะฝะตัะณะพัะฑัั,๐ ะกะฑััั
PMSBP,7344,ะะตัะผัะฝะตัะณะพัะฑัั,๐ ะกะฑััั
POSI,38538,ะะพะทะธัะธะฒ,๐งโ๐ป IT
PRFN,4744,ะงะะะกะ,๐ญ ะัะพะผััะปะตะฝะฝะพััั
PRMB,2839,ะัะธะผะพััะต ะะฐะฝะบ,๐ฆ ะะฐะฝะบะธ
PRMD,38533,ะัะพะผะพะผะตะด,๐ ะคะฐัะผะฐ
RAES,14185,ะะญะก,๐ก ะกะตัะธ
RAGR,25660,ะััะฐะณัะพ,๐ฝ ะะณัะพ
RASP,942,ะะฐัะฟะฐะดัะบะฐั,๐ชจ ะะตัะฐะปะปััะณะธั
RBCM,24832,ะะะ,
RDRB,1398,ะะพัะดะพัะฑะฐะฝะบ,๐ฆ ะะฐะฝะบะธ
RENI,37468,ะะตะฝะตััะฐะฝั ะกััะฐัะพะฒะฐะฝะธะต,๐ต ะคะธะฝะฐะฝัั
RGSS,214,ะะพัะณะพััััะฐั,
RKKE,1615,ะญะฝะตัะณะธั ะะะ,
RNCU,10272,ะััะณะฐะฝะฝะตััะตะฟัะพะดัะบั,
RNCUP,10272,ะััะณะฐะฝะฝะตััะตะฟัะพะดัะบั,
RNFT,534,ะัััะฝะตััั,
ROLO,31422,ะััะพะปะพะฒะพ,
ROSN,6505,ะะพัะฝะตััั,๐ข๏ธ ะะตััะตะณะฐะท
ROST,9038,ะะพัะธะฝัะตั,
RTBGP,2047,ะะะ ะะพััะพะฒ-ะฝะฐ-ะะพะฝั,๐จ ะะฑะปะณะฐะท
RTGZ,2047,ะะะ ะะพััะพะฒ-ะฝะฐ-ะะพะฝั,๐จ ะะฑะปะณะฐะท
RTKM,141,ะะพััะตะปะตะบะพะผ,๐ฑ ะขะตะปะตะบะพะผ
RTKMP,141,ะะพััะตะปะตะบะพะผ,๐ฑ ะขะตะปะตะบะพะผ
RTSB,6930,ะขะะก ัะฝะตัะณะพ ะะพััะพะฒ-ะฝะฐ-ะะพะฝั,๐ ะกะฑััั
RTSBP,6930,ะขะะก ัะฝะตัะณะพ ะะพััะพะฒ-ะฝะฐ-ะะพะฝั,๐ ะกะฑััั
RUAL,38288,ะััะฐะป,๐ชจ ะะตัะฐะปะปััะณะธั
RUSI,579,ะััั-ะะฝะฒะตัั ะะ,
RZOG,10521,ะะะ ะัะทะฐะฝัะบะฐั ะพะฑะปะฐััั,๐จ ะะฑะปะณะฐะท
RZSB,5422,ะัะทะฐะฝััะฝะตัะณะพัะฑัั ะะญะกะ,๐ ะกะฑััั
SAGO,506,ะกะฐะผะฐัะฐัะฝะตัะณะพ,๐ ะกะฑััั
SAGOP,506,ะกะฐะผะฐัะฐัะฝะตัะณะพ,๐ ะกะฑััั
SARE,3346,ะกะฐัะฐัะพะฒัะฝะตัะณะพ,๐ ะกะฑััั
SAREP,3346,ะกะฐัะฐัะพะฒัะฝะตัะณะพ,๐ ะกะฑััั
SARNP,4801,ะกะฐัะฐัะพะฒะฝะตััะตะฟัะพะดัะบั,
SBEN,15824,ะะพะฒะพัะธะฑะธััะบัะฝะตัะณะพัะฑัั,๐ ะกะฑััั
SBENP,15824,ะะพะฒะพัะธะฑะธััะบัะฝะตัะณะพัะฑัั,๐ ะกะฑััั
SBER,3043,ะกะฑะตัะฑะฐะฝะบ,๐ฆ ะะฐะฝะบะธ
SBERP,3043,ะกะฑะตัะฑะฐะฝะบ,๐ฆ ะะฐะฝะบะธ
SBPL,16890,ะญะฝะตัะณะพัะฑัะข ะะปัั,๐ ะกะฑััั
SELG,12557,ะกะตะปะธะณะดะฐั,๐ ะะฐะนะฝะธะฝะณ
SFIN,11328,SFI,๐ต ะคะธะฝะฐะฝัั
SGAZ,8707,ะกะฐัะฐัะพะฒะณะฐะท,
SGMA,868,ะกะธะะะ (ะกะธะฑะธััะบะธะน ะณะพัะฝะพ-ะผะตัะฐะปะปััะณะธัะตัะบะธะน ะฐะปััะฝั),
SGZH,38038,ะกะตะณะตะถะฐ,๐ณ ะะตั
SIBN,347,ะะฐะทะฟัะพะผะฝะตััั,๐ข๏ธ ะะตััะตะณะฐะท
SIBR,7659,ะกะธะฑัั,๐งช ะฅะธะผะธั
SLAV,560,ะกะปะฐะฒะฝะตััั ะะะ,๐ข๏ธ ะะตััะตะณะฐะท
SLEN,4842,ะกะฐัะฐะปะธะฝัะฝะตัะณะพ,๐ ะะตะฝะตัะฐัะธั
SMLT,36419,ะกะฐะผะพะปะตั,๐๏ธ ะะตะฒะตะปะพะฟะผะตะฝั
SMNF,10749,ะะพัะฝะตััั-ะกะผะพะปะตะฝัะบะฝะตััะตะฟัะพะดัะบั,๐ข๏ธ ะะตััะตะณะฐะท
SMNFP,10749,ะะพัะฝะตััั-ะกะผะพะปะตะฝัะบะฝะตััะตะฟัะพะดัะบั,๐ข๏ธ ะะตััะตะณะฐะท
SMOG,22226,ะะะ ะกะผะพะปะตะฝัะบ,๐จ ะะฑะปะณะฐะท
SNGS,312,ะกััะณััะฝะตััะตะณะฐะท,๐ข๏ธ ะะตััะตะณะฐะท
SNGSP,312,ะกััะณััะฝะตััะตะณะฐะท,๐ข๏ธ ะะตััะตะณะฐะท
SOFL,37065,Softline,๐งโ๐ป IT
SPBE,4566,ะกะะฑ ะะธัะถะฐ,๐ต ะคะธะฝะฐะฝัั
SROG,8706,ะะะ ะกะฐัะฐัะพะฒ,๐จ ะะฑะปะณะฐะท
STGR,9913,ะกะฒะตัะปะพะณัะฐะดะฐะณัะพะผะฐั,๐ ะะฒัะพะฟัะพะผ
STKG,6206,ะะะ ะกัะฐะฒัะพะฟะพะปั,๐จ ะะฑะปะณะฐะท
STKGP,6206,ะะะ ะกัะฐะฒัะพะฟะพะปั,๐จ ะะฑะปะณะฐะท
STSB,7416,ะกัะฐะฒัะพะฟะพะปััะฝะตัะณะพัะฑัั,๐ ะกะฑััั
STSBP,7416,ะกัะฐะฒัะพะฟะพะปััะฝะตัะณะพัะฑัั,๐ ะกะฑััั
SVAV,1324,ะกะพะปะปะตัั,๐ ะะฒัะพะฟัะพะผ
SVCB,30052,ะกะพะฒะบะพะผะฑะฐะฝะบ,๐ฆ ะะฐะฝะบะธ
SVET,37412,ะกะฒะตัะพัะพั ะััะฟะฟ,๐งโ๐ป IT
SVETP,37412,ะกะฒะตัะพัะพั ะััะฟะฟ,๐งโ๐ป IT
SVOG,30142,ะะะ ะะบะฐัะตัะธะฝะฑััะณ,๐จ ะะฑะปะณะฐะท
T,39055,ะข-ะขะตัะฝะพะปะพะณะธะธ,๐ฆ ะะฐะฝะบะธ
TASB,5121,ะขะญะกะ (ะขะฐะผะฑะพะฒัะฝะตัะณะพัะฑัั),๐ ะกะฑััั
TASBP,5121,ะขะญะกะ (ะขะฐะผะฑะพะฒัะฝะตัะณะพัะฑัั),๐ ะกะฑััั
TATN,118,ะขะฐัะฝะตััั,๐ข๏ธ ะะตััะตะณะฐะท
TATNP,118,ะขะฐัะฝะตััั,๐ข๏ธ ะะตััะตะณะฐะท
TGKA,7263,ะขะะ-1,๐ ะะตะฝะตัะฐัะธั
TGKB,7968,ะขะะ-2,๐ ะะตะฝะตัะฐัะธั
TGKBP,7968,ะขะะ-2,๐ ะะตะฝะตัะฐัะธั
TGKD,6196,ะะะ ะญะฝะตัะณะพ (ะะฒะฐะดัะฐ),
TGKJ,8657,ะคะพัะฒะฐัะด ะญะฝะตัะณะพ,
TGKN,9396,ะขะะ-14,๐ ะะตะฝะตัะฐัะธั
TMPA,7554,ะขะตะผะฟ-ะฐะฒะธะฐ,
TMTP,3479,ะขัะฐะฟัะธะฝัะบะธะน ะะขะ,
TNSE,33277,ะขะะก ัะฝะตัะณะพ,๐ ะกะฑััั
TNYA,16821,ะะ-ะฏัะพัะปะฐะฒะปั,๐ข๏ธ ะะตััะตะณะฐะท
TNYAP,16821,ะะ-ะฏัะพัะปะฐะฒะปั,๐ข๏ธ ะะตััะตะณะฐะท
TOGZ,13423,ะะะ ะขะฐะผะฑะพะฒ,๐จ ะะฑะปะณะฐะท
TORS,7242,ะะพััะตัะธ ะขะพะผัะบ,๐ก ะกะตัะธ
TORSP,7242,ะะพััะตัะธ ะขะพะผัะบ,๐ก ะกะตัะธ
TOZZ,3717,ะขัะปััะบะธะน ะพััะถะตะนะฝัะน ะทะฐะฒะพะด,๐ช ะะะ
TRMK,274,ะขะะ,๐ชจ ะะตัะฐะปะปััะณะธั
TRNFP,636,ะขัะฐะฝัะฝะตััั,๐ ะขัะฐะฝัะฟะพัั
TTLK,814,ะขะฐััะตะปะตะบะพะผ,๐ฑ ะขะตะปะตะบะพะผ
TTMZ,13049,ะขะะ (ะขััะฐะตะฒัะบะธะน ะผะพัะพัะฝัะน ะทะฐะฒะพะด),๐ญ ะัะพะผััะปะตะฝะฝะพััั
TTMZP,13049,ะขะะ (ะขััะฐะตะฒัะบะธะน ะผะพัะพัะฝัะน ะทะฐะฒะพะด),๐ญ ะัะพะผััะปะตะฝะฝะพััั
TUMNP,14763,ะขะ,
TUOG,4860,ะะะ ะขัะปะฐ,๐จ ะะฑะปะณะฐะท
TUZA,1355,ะขะะ,๐ ะะฒัะพะฟัะพะผ
TVEO,22201,ะะะ ะขะฒะตัั,๐จ ะะฑะปะณะฐะท
TYRM,2563,ะขัะถะฟัะตััะผะฐั,๐ญ ะัะพะผััะปะตะฝะฝะพััั
TYRMP,2563,ะขัะถะฟัะตััะผะฐั,๐ญ ะัะพะผััะปะตะฝะฝะพััั
TZEP,3109,ะญะปะตะบััะพะฟัะธะฑะพั ะขะฐะผะฑะพะฒ,
TZEPP,3109,ะญะปะตะบััะพะฟัะธะฑะพั ะขะฐะผะฑะพะฒ,
UCSS,32330,ะะะก,๐ต ะคะธะฝะฐะฝัั
UDMN,1370,ะฃะดะผัััะฝะตััั,๐ข๏ธ ะะตััะตะณะฐะท
UELM,2003,ะฃัะฐะปัะปะตะบััะพะผะตะดั,๐ ะะฐะนะฝะธะฝะณ
UFOSP,2017,ะฃัะฐะพัะณัะธะฝัะตะท,
UGLD,11794,ะฎะถััะฐะปะทะพะปะพัะพ | ะฎะะ,๐ ะะฐะนะฝะธะฝะณ
UKUZ,1411,ะฎะถะฝัะน ะัะทะฑะฐัั,๐ชจ ะะตัะฐะปะปััะณะธั
ULEN,3624,ะฃะปััะฝะพะฒัะบัะฝะตัะณะพ,
ULENP,3624,ะฃะปััะฝะพะฒัะบัะฝะตัะณะพ,
UNAC,11433,ะะะ,๐ญ ะัะพะผััะปะตะฝะฝะพััั
UNKL,3987,ะฎะฃะะ (ะฎะถััะฐะปะฝะธะบะตะปั),๐ชจ ะะตัะฐะปะปััะณะธั
UPRO,7878,ะฎะฝะธะฟัะพ,๐ ะะตะฝะตัะฐัะธั
URAL,1046,ะฃัะฐะปััะบะธะต ะะฒะธะฐะปะธะฝะธะธ,โ๏ธ ะะฒะธะฐ
URKA,1233,ะฃัะฐะปะบะฐะปะธะน,๐งช ะฅะธะผะธั
URKZ,5234,ะฃัะฐะปััะบะฐั ะบัะทะฝะธัะฐ,๐ชจ ะะตัะฐะปะปััะณะธั
USBN,156,ะฃัะฐะปัะธะฑ,๐ฆ ะะฐะฝะบะธ
UTAR,1171,ะฎััะนั,โ๏ธ ะะฒะธะฐ
UWGN,35102,ะะะ,๐ญ ะัะพะผััะปะตะฝะฝะพััั
VARN,758,ะะฐััะตะณะฐะฝะฝะตััั,๐ข๏ธ ะะตััะตะณะฐะท
VARNP,758,ะะฐััะตะณะฐะฝะฝะตััั,๐ข๏ธ ะะตััะตะณะฐะท
VAZZP,483,ะะะ (ะะพะปะถัะบะธะน ะฐะฑัะฐะทะธะฒะฝัะน ะทะฐะฒะพะด),๐ญ ะัะพะผััะปะตะฝะฝะพััั
VAZZ,483,ะะะ (ะะพะปะถัะบะธะน ะฐะฑัะฐะทะธะฒะฝัะน ะทะฐะฒะพะด),๐ญ ะัะพะผััะปะตะฝะฝะพััั
VGSB,6223,ะะพะปะณะพะณัะฐะดัะฝะตัะณะพัะฑัั,๐ ะกะฑััั
VGSBP,6223,ะะพะปะณะพะณัะฐะดัะฝะตัะณะพัะฑัั,๐ ะกะฑััั
VJGZ,3166,ะะฐััะตะณะฐะฝะฝะตััะตะณะฐะท,๐ข๏ธ ะะตััะตะณะฐะท
VJGZP,3166,ะะฐััะตะณะฐะฝะฝะตััะตะณะฐะท,๐ข๏ธ ะะตััะตะณะฐะท
VKCO,38965,ะะ | VK,๐งโ๐ป IT
VLHZ,86,ะะฅะ,๐งช ะฅะธะผะธั
VLOG,7930,ะะะ ะะปะฐะดะธะผะธั,๐จ ะะฑะปะณะฐะท
VMTP,1559,ะะะขะ,๐ ะขัะฐะฝัะฟะพัั
VNIPP,5681,ะะะะะะณะฐะทะดะพะฑััะฐ,
VOGZ,5576,ะะะ ะะพัะพะฝะตะถ,๐จ ะะฑะปะณะฐะท
VRSB,4717,ะขะะก ัะฝะตัะณะพ ะะพัะพะฝะตะถ,๐ ะกะฑััั
VRSBP,4717,ะขะะก ัะฝะตัะณะพ ะะพัะพะฝะตะถ,๐ ะกะฑััั
VSEH,39131,ะัะตะะฝััััะผะตะฝัั.ัั,๐ E-Com
VSMO,1641,ะะกะะะ-ะะะะกะะ,๐ ะะฐะนะฝะธะฝะณ
VSYD,419,ะัะฑะพัะณัะบะธะน ััะดะพัััะพะธัะตะปัะฝัะน ะทะฐะฒะพะด,
VSYDP,419,ะัะฑะพัะณัะบะธะน ััะดะพัััะพะธัะตะปัะฝัะน ะทะฐะฒะพะด,
VTBR,1210,ะะขะ,๐ฆ ะะฐะฝะบะธ
VTGK,9480,ะข ะะปัั,๐ ะะตะฝะตัะฐัะธั
WTCM,9304,ะฆะะข,๐ข ะะตะดะฒะธะถะธะผะพััั
WTCMP,9304,ะฆะะข,๐ข ะะตะดะฒะธะถะธะผะพััั
WUSH,38772,WHOOSH,๐ด ะจะตัะธะฝะณ
X5,39008,X5,๐๏ธ ะะตัะตะนะป
YAKG,4994,ะฏะขะญะ,๐ข๏ธ ะะตััะตะณะฐะท
YDEX,39059,ะฏะฝะดะตะบั,๐งโ๐ป IT
YKEN,169,ะฏะบัััะบัะฝะตัะณะพ,๐ ะะตะฝะตัะฐัะธั
YKENP,169,ะฏะบัััะบัะฝะตัะณะพ,๐ ะะตะฝะตัะฐัะธั
YROG,4406,ะะะ ะฏัะพัะปะฐะฒะปั,๐จ ะะฑะปะณะฐะท
YRSB,6050,ะขะะก ัะฝะตัะณะพ ะฏัะพัะปะฐะฒะปั,๐ ะกะฑััั
YRSBP,6050,ะขะะก ัะฝะตัะณะพ ะฏัะพัะปะฐะฒะปั,๐ ะกะฑััั
ZAYM,38344,ะะฐะนะผะตั,๐ฆ ะะฐะฝะบะธ
ZHDY,9130,ะะตะปะตะทะฝัะต ะดะพัะพะณะธ ะฏะบััะธะธ | ะะะฏ,๐ ะขัะฐะฝัะฟะพัั
ZILL,3649,ะะะ,๐ ะะฒัะพะฟัะพะผ
ZILLP,3649,ะะะ,๐ ะะฒัะพะฟัะพะผ
ZVEZ,2537,ะะฒะตะทะดะฐ,๐ญ ะัะพะผััะปะตะฝะฝะพััั
MEFR,3770,ะะตัะฐััะฐะบั ะบะตะผะธะบะฐะปั,๐งช ะฅะธะผะธั
RTLM,421,ะะพัััะตะปัะผะฐั,๐ ะะฒัะพะฟัะพะผ
RTLMP,421,ะะพัััะตะปัะผะฐั,๐ ะะฒัะพะฟัะพะผ
WINELAB,39458,ะะธะฝะปะฐะฑ,๐๏ธ ะะตัะตะนะป
ERPAP,7202,ะะฝะธัะตะนัะบะพะต ัะตัะฝะพะต ะฟะฐัะพัะพะดััะฒะพ (ะะะ),๐ ะขัะฐะฝัะฟะพัั
SPKR,3088,ะัะฐัะฝัะน ะะบััะฑัั ะกะะฑ,
SPKRP,3088,ะัะฐัะฝัะน ะะบััะฑัั ะกะะฑ,
IMPL,4539,"ะะะ ""ะะผะฟัะปัั""",๐ญ ะัะพะผััะปะตะฝะฝะพััั
IMPLP,4539,"ะะะ ""ะะผะฟัะปัั""",๐ญ ะัะพะผััะปะตะฝะฝะพััั
NPKB,13640,ะะตะฒัะบะพะต ะะะ,๐ญ ะัะพะผััะปะตะฝะฝะพััั
NPKBP,13640,ะะตะฒัะบะพะต ะะะ,๐ญ ะัะพะผััะปะตะฝะฝะพััั
LEPS,7523,ะะะะกะ,๐ญ ะัะพะผััะปะตะฝะฝะพััั
LEPSP,7523,ะะะะกะ,๐ญ ะัะพะผััะปะตะฝะฝะพััั
SMPP,25255,ะกััะฟะธะฝัะบะพะต ะะะ,๐ญ ะัะพะผััะปะตะฝะฝะพััั
SMPPP,25255,ะกััะฟะธะฝัะบะพะต ะะะ,๐ญ ะัะพะผััะปะตะฝะฝะพััั
MVZM,26778,"ะะฆะ ""ะะธะปั ะธ ะะฐะผะพะฒ""",๐ญ ะัะพะผััะปะตะฝะฝะพััั
MVZMP,26778,"ะะฆะ ""ะะธะปั ะธ ะะฐะผะพะฒ""",๐ญ ะัะพะผััะปะตะฝะฝะพััั
MZIK,261,ะะฐัะธะฝะพัััะพะธัะตะปัะฝัะน ะทะฐะฒะพะด ะธะผะตะฝะธ ะ ะ ะะฐะปะธะฝะธะฝะฐ (ะะะะ),๐ญ ะัะพะผััะปะตะฝะฝะพััั
INGS,119,ะะฝะณะพััััะฐั,๐ต ะคะธะฝะฐะฝัั
KGAZ,1353,ะะะ ะกัะบััะฒะบะฐั,๐จ ะะฑะปะณะฐะท
KGAZP,1353,ะะะ ะกัะบััะฒะบะฐั,๐จ ะะฑะปะณะฐะท
BMKK,3551,ะะตะปะพัะตัะบะธะน ะะ,๐ชจ ะะตัะฐะปะปััะณะธั
BMKKP,3551,ะะตะปะพัะตัะบะธะน ะะ,๐ชจ ะะตัะฐะปะปััะณะธั
,13896,ะจะฐััะฐ ะะพะปััะตะฒะธะบ,๐ชจ ะะตัะฐะปะปััะณะธั
ILIM,11159,ะััะฟะฟะฐ ะะปะธะผ,๐ณ ะะตั
AGRT,9992,ะะณัะตะณะฐั,๐ญ ะัะพะผััะปะตะฝะฝะพััั
MESS,5566,ะะญะกะก,๐ง ะะฝััะฐััััะบัััะฐ
GZES,5266,ะะฐะทัะฝะตัะณะพัะตัะฒะธั,๐ง ะะฝััะฐััััะบัััะฐ
TRGM,4822,ะขัะตัั ะะธะดัะพะผะพะฝัะฐะถ,๐ง ะะฝััะฐััััะบัััะฐ
DORS,5224,ะะพัะธัั,๐ง ะะฝััะฐััััะบัััะฐ
SKBP,3183,ะกะพะปะธะบะฐะผัะบะฑัะผะฟัะพะผ,๐ณ ะะตั
SCKK,27418,ะกะตะปะตะฝะณะธะฝัะบะธะน ะฆะะ,๐ณ ะะตั
TERL,4806,ะขะตัะฝะตะนะปะตั,๐ณ ะะตั
VDOK,20491,ะััะฝะตะฒะพะปะพัะบะธะน ะะะะ,๐ณ ะะตั
MTCN,,ะะธะณะฐัะตัั,
TRFM,8783,ะขัะฐะฝัะคะธะฝ-ะ,
TRCN,11194,ะขัะฐะฝัะบะพะฝัะตะนะฝะตั,๐ ะขัะฐะฝัะฟะพัั
GGRP,37978,ะะถะธ ะััะฟ,
VEON-RX,,VEON,๐ฑ ะขะตะปะตะบะพะผ
ORFE,931,ะััะบะฝะตััะตะพัะณัะธะฝัะตะท,
ALMZ,3849,ะกะค ะะปะผะฐะท,
ALMZP,3849,ะกะค ะะปะผะฐะท,
GSGZ,380,ะะธะฟัะพัะฟะตัะณะฐะท,
GSGZP,380,ะะธะฟัะพัะฟะตัะณะฐะท,
DAHF,4468,ะะะะฌะฅะะะคะะะ,๐ ะคะฐัะผะฐ
KMTZ,6312,ะะะ (ะะพัะพะณะพััะบะธะน ะผะตัะฐะปะปััะณะธัะตัะบะธะน ะทะฐะฒะพะด),
KMTZP,6312,ะะะ (ะะพัะพะณะพััะบะธะน ะผะตัะฐะปะปััะณะธัะตัะบะธะน ะทะฐะฒะพะด),
KFAR,6320,ะัะฐััะฐัะผะฐ,
NKES,5041,ะะพะฒะณะพัะพะดะพะฑะปัะปะตะบััะพ,๐ก ะกะตัะธ
VOAD,7367,ะะพะปะพะณะพะดะฐะฒัะพะดะพั,๐ง ะะฝััะฐััััะบัััะฐ
ZSGP,3260,ะะฐะฟัะธะฑะณะฐะทะฟัะพะผ,
ZSGPP,3260,ะะฐะฟัะธะฑะณะฐะทะฟัะพะผ,
BRZLP,1499,ะััััะทะพะปะพัะพ,๐ ะะฐะนะฝะธะฝะณ
RYAZP,1136,ะัะทะฐะฝัะฝะตััะตะฟัะพะดัะบั,
TNFP,3473,ะขะฐัะฝะตััะตะฟัะพะผ,
TNFPP,3473,ะขะฐัะฝะตััะตะฟัะพะผ,
KZMS,3769,ะะะะก (ะัะฐัะฝะพะบะฐะผัะบะธะน ะทะฐะฒะพะด ะผะตัะฐะปะปะธัะตัะบะธั ัะตัะพะบ),
DOMRF,1263,ะะะ.ะะค,๐ฆ ะะฐะฝะบะธ
GLRX,38535,ะะะะะะะก,๐๏ธ ะะตะฒะตะปะพะฟะผะตะฝั
BAZA,39611,ะะะะะก,